<?xml version="1.0" encoding="UTF-8"?><rss version="2.0"
	xmlns:content="http://purl.org/rss/1.0/modules/content/"
	xmlns:wfw="http://wellformedweb.org/CommentAPI/"
	xmlns:dc="http://purl.org/dc/elements/1.1/"
	xmlns:atom="http://www.w3.org/2005/Atom"
	xmlns:sy="http://purl.org/rss/1.0/modules/syndication/"
	xmlns:slash="http://purl.org/rss/1.0/modules/slash/"
	>

<channel>
	<title>farfalle &#8211; sito di jen</title>
	<atom:link href="http://localhost/sitojen/tag/farfalle/feed/?simply_static_page=275" rel="self" type="application/rss+xml" />
	<link></link>
	<description>Wordpress for dummies (like me)</description>
	<lastBuildDate>Wed, 01 Mar 2023 14:57:28 +0000</lastBuildDate>
	<language>it-IT</language>
	<sy:updatePeriod>
	hourly	</sy:updatePeriod>
	<sy:updateFrequency>
	1	</sy:updateFrequency>
	<generator>https://wordpress.org/?v=6.1.1</generator>

<image>
	<url>/wp-content/uploads/2023/03/cropped-wp-for-dummies-32x32.jpeg</url>
	<title>farfalle &#8211; sito di jen</title>
	<link></link>
	<width>32</width>
	<height>32</height>
</image> 
	<item>
		<title>Non vi capita mai di guardare nel vuoto?</title>
		<link>/2023/03/01/non-vi-capita-mai-di-guardare-nel-vuoto/</link>
					<comments>/2023/03/01/non-vi-capita-mai-di-guardare-nel-vuoto/#respond</comments>
		
		<dc:creator><![CDATA[jen]]></dc:creator>
		<pubDate>Wed, 01 Mar 2023 14:57:28 +0000</pubDate>
				<category><![CDATA[Assurdità]]></category>
		<category><![CDATA[concentrazione]]></category>
		<category><![CDATA[farfalle]]></category>
		<guid isPermaLink="false">/?p=54</guid>

					<description><![CDATA[A ma capita sempre perche dopo pochi minuti perdo l&#8217;attenzione e vedo le farfalle sul muro, non è facile mantenere la concentrazione in 8 ore di lezione Però sono proprio carine queste farfalle]]></description>
										<content:encoded><![CDATA[
<p>A ma capita sempre perche dopo pochi minuti perdo l&#8217;attenzione e vedo le farfalle sul muro,  non è facile mantenere la concentrazione in 8 ore di lezione</p>


<div class="wp-block-image">
<figure class="aligncenter size-full"><img decoding="async" width="202" height="250" src="/wp-content/uploads/2023/03/butteflies.jpeg" alt="" class="wp-image-55"/></figure></div>


<p>Però sono proprio carine queste farfalle</p>
]]></content:encoded>
					
					<wfw:commentRss>/2023/03/01/non-vi-capita-mai-di-guardare-nel-vuoto/feed/</wfw:commentRss>
			<slash:comments>0</slash:comments>
		
		
			</item>
	</channel>
</rss>
